{
  "minecraft:nether/obtain_blaze_rod": {
    "criteria": {
      "blaze_rod": "2020-05-06 18:56:39 -0700"
    },
    "done": true
  },
  "minecraft:recipes/brewing/blaze_powder": {
    "criteria": {
      "has_blaze_rod": "2020-05-06 18:56:39 -0700"
    },
    "done": true
  },
  "minecraft:recipes/brewing/brewing_stand": {
    "criteria": {
      "has_blaze_rod": "2020-05-06 18:56:39 -0700"
    },
    "done": true
  },
  "minecraft:adventure/adventuring_time": {
    "criteria": {
      "taiga_cold_hills": "2020-05-06 18:56:44 -0700",
      "taiga_cold": "2020-05-06 18:56:39 -0700"
    },
    "done": false
  }
}